{
  "__type__": "cc.SpriteFrame",
  "content": {
    "name": "huozu_k1",
    "atlas": "",
    "rect": {
      "x": 16,
      "y": 3,
      "width": 270,
      "height": 392
    },
    "offset": {
      "x": 1,
      "y": 1
    },
    "originalSize": {
      "width": 300,
      "height": 400
    },
    "rotated": false,
    "capInsets": [
      0,
      0,
      0,
      0
    ],
    "vertices": {
      "rawPosition": [
        -135,
        -196,
        0,
        135,
        -196,
        0,
        -135,
        196,
        0,
        135,
        196,
        0
      ],
      "indexes": [
        0,
        1,
        2,
        2,
        1,
        3
      ],
      "uv": [
        16,
        397,
        286,
        397,
        16,
        5,
        286,
        5
      ],
      "nuv": [
        0.05333333333333334,
        0.0125,
        0.9533333333333334,
        0.0125,
        0.05333333333333334,
        0.9925,
        0.9533333333333334,
        0.9925
      ],
      "minPos": {
        "x": -135,
        "y": -196,
        "z": 0
      },
      "maxPos": {
        "x": 135,
        "y": 196,
        "z": 0
      }
    },
    "texture": "f7bbf0c1-fc1c-4e03-b92a-aa2f10b6217e@6c48a",
    "packable": true,
    "pixelsToUnit": 100,
    "pivot": {
      "x": 0.5,
      "y": 0.5
    },
    "meshType": 0
  }
}