{
  "__type__": "cc.SpriteFrame",
  "content": {
    "name": "shenmu",
    "atlas": "",
    "rect": {
      "x": 64,
      "y": 3,
      "width": 107,
      "height": 297
    },
    "offset": {
      "x": -32.5,
      "y": -1.5
    },
    "originalSize": {
      "width": 300,
      "height": 300
    },
    "rotated": false,
    "capInsets": [
      0,
      0,
      0,
      0
    ],
    "vertices": {
      "rawPosition": [
        -53.5,
        -148.5,
        0,
        53.5,
        -148.5,
        0,
        -53.5,
        148.5,
        0,
        53.5,
        148.5,
        0
      ],
      "indexes": [
        0,
        1,
        2,
        2,
        1,
        3
      ],
      "uv": [
        64,
        297,
        171,
        297,
        64,
        0,
        171,
        0
      ],
      "nuv": [
        0.21333333333333335,
        0,
        0.57,
        0,
        0.21333333333333335,
        0.99,
        0.57,
        0.99
      ],
      "minPos": {
        "x": -53.5,
        "y": -148.5,
        "z": 0
      },
      "maxPos": {
        "x": 53.5,
        "y": 148.5,
        "z": 0
      }
    },
    "texture": "3f87fba1-6ae0-4658-a384-357590b0d7b7@6c48a",
    "packable": true,
    "pixelsToUnit": 100,
    "pivot": {
      "x": 0.5,
      "y": 0.5
    },
    "meshType": 0
  }
}