{
  "__type__": "cc.SpriteFrame",
  "content": {
    "name": "next",
    "atlas": "",
    "rect": {
      "x": 45,
      "y": 38,
      "width": 214,
      "height": 72
    },
    "offset": {
      "x": 2,
      "y": 1
    },
    "originalSize": {
      "width": 300,
      "height": 150
    },
    "rotated": false,
    "capInsets": [
      0,
      0,
      0,
      0
    ],
    "vertices": {
      "rawPosition": [
        -107,
        -36,
        0,
        107,
        -36,
        0,
        -107,
        36,
        0,
        107,
        36,
        0
      ],
      "indexes": [
        0,
        1,
        2,
        2,
        1,
        3
      ],
      "uv": [
        45,
        112,
        259,
        112,
        45,
        40,
        259,
        40
      ],
      "nuv": [
        0.15,
        0.26666666666666666,
        0.8633333333333333,
        0.26666666666666666,
        0.15,
        0.7466666666666667,
        0.8633333333333333,
        0.7466666666666667
      ],
      "minPos": {
        "x": -107,
        "y": -36,
        "z": 0
      },
      "maxPos": {
        "x": 107,
        "y": 36,
        "z": 0
      }
    },
    "texture": "3fbe30bd-2535-41ba-8ff3-475d90596627@6c48a",
    "packable": true,
    "pixelsToUnit": 100,
    "pivot": {
      "x": 0.5,
      "y": 0.5
    },
    "meshType": 0
  }
}