{
  "__type__": "cc.SpriteFrame",
  "content": {
    "name": "diji",
    "atlas": "",
    "rect": {
      "x": 0,
      "y": 0,
      "width": 287,
      "height": 300
    },
    "offset": {
      "x": -6.5,
      "y": 0
    },
    "originalSize": {
      "width": 300,
      "height": 300
    },
    "rotated": false,
    "capInsets": [
      0,
      0,
      0,
      0
    ],
    "vertices": {
      "rawPosition": [
        -143.5,
        -150,
        0,
        143.5,
        -150,
        0,
        -143.5,
        150,
        0,
        143.5,
        150,
        0
      ],
      "indexes": [
        0,
        1,
        2,
        2,
        1,
        3
      ],
      "uv": [
        0,
        300,
        287,
        300,
        0,
        0,
        287,
        0
      ],
      "nuv": [
        0,
        0,
        0.9566666666666667,
        0,
        0,
        1,
        0.9566666666666667,
        1
      ],
      "minPos": {
        "x": -143.5,
        "y": -150,
        "z": 0
      },
      "maxPos": {
        "x": 143.5,
        "y": 150,
        "z": 0
      }
    },
    "texture": "3e63f86d-8106-446f-88ac-0b7ddd0f85b0@6c48a",
    "packable": true,
    "pixelsToUnit": 100,
    "pivot": {
      "x": 0.5,
      "y": 0.5
    },
    "meshType": 0
  }
}