{
  "__type__": "cc.SpriteFrame",
  "content": {
    "name": "sanshepao",
    "atlas": "",
    "rect": {
      "x": 18,
      "y": 16,
      "width": 248,
      "height": 267
    },
    "offset": {
      "x": -8,
      "y": 0.5
    },
    "originalSize": {
      "width": 300,
      "height": 300
    },
    "rotated": false,
    "capInsets": [
      0,
      0,
      0,
      0
    ],
    "vertices": {
      "rawPosition": [
        -124,
        -133.5,
        0,
        124,
        -133.5,
        0,
        -124,
        133.5,
        0,
        124,
        133.5,
        0
      ],
      "indexes": [
        0,
        1,
        2,
        2,
        1,
        3
      ],
      "uv": [
        18,
        284,
        266,
        284,
        18,
        17,
        266,
        17
      ],
      "nuv": [
        0.06,
        0.056666666666666664,
        0.8866666666666667,
        0.056666666666666664,
        0.06,
        0.9466666666666667,
        0.8866666666666667,
        0.9466666666666667
      ],
      "minPos": {
        "x": -124,
        "y": -133.5,
        "z": 0
      },
      "maxPos": {
        "x": 124,
        "y": 133.5,
        "z": 0
      }
    },
    "texture": "7137b893-aa43-4f38-9da5-9a23e642bc5a@6c48a",
    "packable": true,
    "pixelsToUnit": 100,
    "pivot": {
      "x": 0.5,
      "y": 0.5
    },
    "meshType": 0
  }
}