{
  "__type__": "cc.SpriteFrame",
  "content": {
    "name": "ta",
    "atlas": "",
    "rect": {
      "x": 0,
      "y": 65,
      "width": 500,
      "height": 635
    },
    "offset": {
      "x": 0,
      "y": -32.5
    },
    "originalSize": {
      "width": 500,
      "height": 700
    },
    "rotated": false,
    "capInsets": [
      0,
      0,
      0,
      0
    ],
    "vertices": {
      "rawPosition": [
        -250,
        -317.5,
        0,
        250,
        -317.5,
        0,
        -250,
        317.5,
        0,
        250,
        317.5,
        0
      ],
      "indexes": [
        0,
        1,
        2,
        2,
        1,
        3
      ],
      "uv": [
        0,
        635,
        500,
        635,
        0,
        0,
        500,
        0
      ],
      "nuv": [
        0,
        0,
        1,
        0,
        0,
        0.9071428571428571,
        1,
        0.9071428571428571
      ],
      "minPos": {
        "x": -250,
        "y": -317.5,
        "z": 0
      },
      "maxPos": {
        "x": 250,
        "y": 317.5,
        "z": 0
      }
    },
    "texture": "21c68273-4a20-42fb-a4aa-602da78ef9b8@6c48a",
    "packable": true,
    "pixelsToUnit": 100,
    "pivot": {
      "x": 0.5,
      "y": 0.5
    },
    "meshType": 0
  }
}