{
  "__type__": "cc.SpriteFrame",
  "content": {
    "name": "right",
    "atlas": "",
    "rect": {
      "x": 0,
      "y": 1,
      "width": 262,
      "height": 399
    },
    "offset": {
      "x": -19,
      "y": -0.5
    },
    "originalSize": {
      "width": 300,
      "height": 400
    },
    "rotated": false,
    "capInsets": [
      0,
      0,
      0,
      0
    ],
    "vertices": {
      "rawPosition": [
        -131,
        -199.5,
        0,
        131,
        -199.5,
        0,
        -131,
        199.5,
        0,
        131,
        199.5,
        0
      ],
      "indexes": [
        0,
        1,
        2,
        2,
        1,
        3
      ],
      "uv": [
        0,
        399,
        262,
        399,
        0,
        0,
        262,
        0
      ],
      "nuv": [
        0,
        0,
        0.8733333333333333,
        0,
        0,
        0.9975,
        0.8733333333333333,
        0.9975
      ],
      "minPos": {
        "x": -131,
        "y": -199.5,
        "z": 0
      },
      "maxPos": {
        "x": 131,
        "y": 199.5,
        "z": 0
      }
    },
    "texture": "63803eab-9cdc-4887-a45c-0f0e951e2426@6c48a",
    "packable": true,
    "pixelsToUnit": 100,
    "pivot": {
      "x": 0.5,
      "y": 0.5
    },
    "meshType": 0
  }
}