{
  "__type__": "cc.SpriteFrame",
  "content": {
    "name": "huozu_d2",
    "atlas": "",
    "rect": {
      "x": 0,
      "y": 5,
      "width": 287,
      "height": 395
    },
    "offset": {
      "x": -6.5,
      "y": -2.5
    },
    "originalSize": {
      "width": 300,
      "height": 400
    },
    "rotated": false,
    "capInsets": [
      0,
      0,
      0,
      0
    ],
    "vertices": {
      "rawPosition": [
        -143.5,
        -197.5,
        0,
        143.5,
        -197.5,
        0,
        -143.5,
        197.5,
        0,
        143.5,
        197.5,
        0
      ],
      "indexes": [
        0,
        1,
        2,
        2,
        1,
        3
      ],
      "uv": [
        0,
        395,
        287,
        395,
        0,
        0,
        287,
        0
      ],
      "nuv": [
        0,
        0,
        0.9566666666666667,
        0,
        0,
        0.9875,
        0.9566666666666667,
        0.9875
      ],
      "minPos": {
        "x": -143.5,
        "y": -197.5,
        "z": 0
      },
      "maxPos": {
        "x": 143.5,
        "y": 197.5,
        "z": 0
      }
    },
    "texture": "7a6a217c-7aa4-40e0-9d1c-146ed7745aab@6c48a",
    "packable": true,
    "pixelsToUnit": 100,
    "pivot": {
      "x": 0.5,
      "y": 0.5
    },
    "meshType": 0
  }
}