{
  "__type__": "cc.SpriteFrame",
  "content": {
    "name": "beibao",
    "atlas": "",
    "rect": {
      "x": 63,
      "y": 0,
      "width": 772,
      "height": 300
    },
    "offset": {
      "x": -1,
      "y": 0
    },
    "originalSize": {
      "width": 900,
      "height": 300
    },
    "rotated": false,
    "capInsets": [
      0,
      0,
      0,
      0
    ],
    "vertices": {
      "rawPosition": [
        -386,
        -150,
        0,
        386,
        -150,
        0,
        -386,
        150,
        0,
        386,
        150,
        0
      ],
      "indexes": [
        0,
        1,
        2,
        2,
        1,
        3
      ],
      "uv": [
        63,
        300,
        835,
        300,
        63,
        0,
        835,
        0
      ],
      "nuv": [
        0.07,
        0,
        0.9277777777777778,
        0,
        0.07,
        1,
        0.9277777777777778,
        1
      ],
      "minPos": {
        "x": -386,
        "y": -150,
        "z": 0
      },
      "maxPos": {
        "x": 386,
        "y": 150,
        "z": 0
      }
    },
    "texture": "08a74941-7d78-48ed-8db5-91676cc68960@6c48a",
    "packable": true,
    "pixelsToUnit": 100,
    "pivot": {
      "x": 0.5,
      "y": 0.5
    },
    "meshType": 0
  }
}