{
  "__type__": "cc.SpriteFrame",
  "content": {
    "name": "huozu_k3",
    "atlas": "",
    "rect": {
      "x": 22,
      "y": 0,
      "width": 270,
      "height": 393
    },
    "offset": {
      "x": 7,
      "y": 3.5
    },
    "originalSize": {
      "width": 300,
      "height": 400
    },
    "rotated": false,
    "capInsets": [
      0,
      0,
      0,
      0
    ],
    "vertices": {
      "rawPosition": [
        -135,
        -196.5,
        0,
        135,
        -196.5,
        0,
        -135,
        196.5,
        0,
        135,
        196.5,
        0
      ],
      "indexes": [
        0,
        1,
        2,
        2,
        1,
        3
      ],
      "uv": [
        22,
        400,
        292,
        400,
        22,
        7,
        292,
        7
      ],
      "nuv": [
        0.07333333333333333,
        0.0175,
        0.9733333333333334,
        0.0175,
        0.07333333333333333,
        1,
        0.9733333333333334,
        1
      ],
      "minPos": {
        "x": -135,
        "y": -196.5,
        "z": 0
      },
      "maxPos": {
        "x": 135,
        "y": 196.5,
        "z": 0
      }
    },
    "texture": "6793a92d-5eff-48ba-8a67-f3666efd5bfe@6c48a",
    "packable": true,
    "pixelsToUnit": 100,
    "pivot": {
      "x": 0.5,
      "y": 0.5
    },
    "meshType": 0
  }
}