{
  "__type__": "cc.SpriteFrame",
  "content": {
    "name": "weijiangshi",
    "atlas": "",
    "rect": {
      "x": 24,
      "y": 16,
      "width": 259,
      "height": 335
    },
    "offset": {
      "x": 3.5,
      "y": 16.5
    },
    "originalSize": {
      "width": 300,
      "height": 400
    },
    "rotated": false,
    "capInsets": [
      0,
      0,
      0,
      0
    ],
    "vertices": {
      "rawPosition": [
        -129.5,
        -167.5,
        0,
        129.5,
        -167.5,
        0,
        -129.5,
        167.5,
        0,
        129.5,
        167.5,
        0
      ],
      "indexes": [
        0,
        1,
        2,
        2,
        1,
        3
      ],
      "uv": [
        24,
        384,
        283,
        384,
        24,
        49,
        283,
        49
      ],
      "nuv": [
        0.08,
        0.1225,
        0.9433333333333334,
        0.1225,
        0.08,
        0.96,
        0.9433333333333334,
        0.96
      ],
      "minPos": {
        "x": -129.5,
        "y": -167.5,
        "z": 0
      },
      "maxPos": {
        "x": 129.5,
        "y": 167.5,
        "z": 0
      }
    },
    "texture": "faa4a9d4-4087-47fa-ac44-1c100f76fca9@6c48a",
    "packable": true,
    "pixelsToUnit": 100,
    "pivot": {
      "x": 0.5,
      "y": 0.5
    },
    "meshType": 0
  }
}