{
  "__type__": "cc.SpriteFrame",
  "content": {
    "name": "dijiDeath",
    "atlas": "",
    "rect": {
      "x": 2,
      "y": 0,
      "width": 291,
      "height": 265
    },
    "offset": {
      "x": -2.5,
      "y": 17.5
    },
    "originalSize": {
      "width": 300,
      "height": 300
    },
    "rotated": false,
    "capInsets": [
      0,
      0,
      0,
      0
    ],
    "vertices": {
      "rawPosition": [
        -145.5,
        -132.5,
        0,
        145.5,
        -132.5,
        0,
        -145.5,
        132.5,
        0,
        145.5,
        132.5,
        0
      ],
      "indexes": [
        0,
        1,
        2,
        2,
        1,
        3
      ],
      "uv": [
        2,
        300,
        293,
        300,
        2,
        35,
        293,
        35
      ],
      "nuv": [
        0.006666666666666667,
        0.11666666666666667,
        0.9766666666666667,
        0.11666666666666667,
        0.006666666666666667,
        1,
        0.9766666666666667,
        1
      ],
      "minPos": {
        "x": -145.5,
        "y": -132.5,
        "z": 0
      },
      "maxPos": {
        "x": 145.5,
        "y": 132.5,
        "z": 0
      }
    },
    "texture": "3192a14d-7eae-4f3f-b8c0-17309f0b8b5f@6c48a",
    "packable": true,
    "pixelsToUnit": 100,
    "pivot": {
      "x": 0.5,
      "y": 0.5
    },
    "meshType": 0
  }
}