{
  "__type__": "cc.SpriteFrame",
  "content": {
    "name": "weijiangshi_d2",
    "atlas": "",
    "rect": {
      "x": 39,
      "y": 10,
      "width": 190,
      "height": 349
    },
    "offset": {
      "x": -16,
      "y": 15.5
    },
    "originalSize": {
      "width": 300,
      "height": 400
    },
    "rotated": false,
    "capInsets": [
      0,
      0,
      0,
      0
    ],
    "vertices": {
      "rawPosition": [
        -95,
        -174.5,
        0,
        95,
        -174.5,
        0,
        -95,
        174.5,
        0,
        95,
        174.5,
        0
      ],
      "indexes": [
        0,
        1,
        2,
        2,
        1,
        3
      ],
      "uv": [
        39,
        390,
        229,
        390,
        39,
        41,
        229,
        41
      ],
      "nuv": [
        0.13,
        0.1025,
        0.7633333333333333,
        0.1025,
        0.13,
        0.975,
        0.7633333333333333,
        0.975
      ],
      "minPos": {
        "x": -95,
        "y": -174.5,
        "z": 0
      },
      "maxPos": {
        "x": 95,
        "y": 174.5,
        "z": 0
      }
    },
    "texture": "927a110f-5db3-4de9-a20e-b6428b0f2ed7@6c48a",
    "packable": true,
    "pixelsToUnit": 100,
    "pivot": {
      "x": 0.5,
      "y": 0.5
    },
    "meshType": 0
  }
}